player,team,salary_2025_2026,position,age,points_per_game,assists_per_game,blocks_per_game,rebounds_per_game,steals_per_game,draft_year,pick_number,team_drafted_by,college,years_played,win_shares,win_shares_per_year
Stephen Curry,GSW,59606817,PG,36,24.5,6,0.4,4.5,1.1,2009,7,GSW,Davidson,16,143.1,8.94375
Joel Embiid,PHI,55224526,C,30,23.8,4.5,0.9,8.2,0.7,2014,3,PHI,Kansas,9,64.9,7.211111111111112
Nikola Jokić,DEN,55224526,C,29,29.6,10.2,0.6,12.8,1.8,2014,41,DEN,NA,10,128,12.8
Kevin Durant,HOU,54708609,PF,36,26.6,4.2,1.2,6.1000000000000005,0.8,2007,2,SEA,Texas,17,175.4,10.31764705882353
Jayson Tatum,BOS,54126450,PF,26,26.8,6,0.5,8.7,1.1,2017,3,BOS,Duke,8,65.5,8.1875
Giannis Antetokounmpo,MIL,54126450,PF,30,30.4,6.5,1.2,11.899999999999999,0.9,2013,15,MIL,NA,12,120.8,10.066666666666666
Anthony Davis,DAL,54126450,C,31,24.7,3.5,2.2,11.5,1.2,2012,1,NOH,Kentucky,13,118.8,9.138461538461538
Jimmy Butler,GSW,54126450,SF,35,17.5,5.4,0.3,5.4,1.4,2011,30,CHI,Marquette,14,123.7,8.835714285714285
Damian Lillard,MIL,54126450,PG,34,24.9,7.1,0.2,4.7,1.2,2012,6,POR,Weber State,13,118.4,9.107692307692307
Bradley Beal,PHO,53666270,SG,31,17,3.7,0.5,3.3000000000000003,1.1,2012,3,WAS,Florida,13,58.6,4.507692307692308
Jaylen Brown,BOS,53142264,SF,28,22.2,4.5,0.3,5.8,1.2,2016,3,BOS,California,9,40.6,4.511111111111111
Devin Booker,PHO,53142264,SG,28,25.6,7.1,0.2,4.1,0.9,2015,13,PHO,Kentucky,10,51.5,5.15
Karl-Anthony Towns,NYK,53142264,C,29,24.4,3.1,0.7,12.700000000000001,1,2015,1,MIN,Kentucky,10,85.1,8.51
LeBron James,LAL,52627153,SF,40,24.4,8.2,0.6,7.8,1,2003,1,CLE,NA,22,271.4,12.336363636363636
Paul George,PHI,51666090,PF,34,16.2,4.3,0.5,5.3999999999999995,1.8,2010,10,IND,Fresno State,15,89.5,5.966666666666667
Kawhi Leonard,LAC,50000000,SF,33,21.5,3.1,0.5,5.9,1.6,2011,15,IND,San Diego State,13,102.7,7.9
Zach LaVine,SAC,47499660,SG,29,23.3,4.2,0.2,4.3,0.8,2014,13,MIN,UCLA,11,37.3,3.3909090909090907
Evan Mobley,CLE,46394100,PF,23,18.5,3.2,1.6,9.3,0.9,2021,3,CLE,USC,4,28.3,7.075
Jamal Murray,DEN,46394100,PG,27,21.4,6,0.5,3.9000000000000004,1.4,2016,7,DEN,Kentucky,8,38.1,4.7625
Lauri Markkanen,UTA,46394100,PF,27,19,1.5,0.4,5.9,0.7,2017,7,MIN,Arizona,8,33.1,4.1375
Donovan Mitchell,CLE,46394100,SG,28,24,5,0.2,4.5,1.3,2017,13,DEN,Louisville,8,51.9,6.4875
Luka Dončić,LAL,45999660,PG,25,28.2,7.7,0.4,8.200000000000001,1.8,2018,3,ATL,NA,7,57.1,8.157142857142857
Trae Young,ATL,45999660,PG,26,24.2,11.6,0.2,3.1,1.2,2018,5,DAL,Oklahoma,7,43.3,6.185714285714285
Anthony Edwards,MIN,45550512,SG,23,27.6,4.5,0.6,5.7,1.2,2020,1,MIN,Georgia,5,24.8,4.96
Tyrese Haliburton,IND,45550512,PG,24,18.6,9.2,0.7,3.6,1.4,2020,12,SAC,Iowa State,5,37.6,7.5200000000000005
Pascal Siakam,IND,45550512,PF,30,20.2,3.4,0.5,6.9,0.9,2016,27,TOR,New Mexico State,9,55.5,6.166666666666667
Domantas Sabonis,SAC,43636000,C,28,19.1,6,0.4,13.899999999999999,0.7,2016,11,ORL,Gonzaga,9,69.9,7.7666666666666675
OG Anunoby,NYK,39568966,PF,27,18,2.2,0.9,4.8,1.5,2017,23,TOR,Indiana,8,31.4,3.925
Zion Williamson,NOP,39446090,PF,24,24.6,5.3,0.9,7.2,1.2,2019,1,NOP,Duke,5,24.2,4.84
Ja Morant,MEM,39446090,PG,25,23.2,7.3,0.2,4.1,1.2,2019,2,MEM,Murray State,6,24.1,4.016666666666667
Darius Garland,CLE,39446090,PG,25,20.6,6.7,0.1,2.8000000000000003,1.2,2019,5,CLE,Vanderbilt,6,24.6,4.1000000000000005
Scottie Barnes,TOR,38661750,PF,23,19.3,5.8,1,7.7,1.4,2021,4,TOR,Florida State,4,19.4,4.85
Franz Wagner,ORL,38661750,SF,23,24.2,4.7,0.4,5.7,1.3,2021,8,ORL,Michigan,4,21.4,5.35
Cade Cunningham,DET,38661750,PG,23,26.1,9.1,0.8,6.1,1,2021,1,DET,Oklahoma State,4,7,1.75
Shai Gilgeous-Alexander,OKC,38333050,PG,26,32.7,6.4,1,5,1.7,2018,11,CHO,Kentucky,7,60.4,8.628571428571428
Michael Porter Jr.,BRK,38333050,SF,26,18.2,2.1,0.5,7,0.6,2018,14,DEN,Missouri,6,26.5,4.416666666666667
Brandon Ingram,TOR,38095238,SF,27,22.2,5.2,0.6,5.5,0.9,2016,2,LAL,Duke,9,27.3,3.033333333333333
Tyrese Maxey,PHI,37958760,PG,24,26.3,6.1,0.4,3.4,1.8,2020,21,PHI,Kentucky,5,26.5,5.3
LaMelo Ball,CHO,37958760,PG,23,25.2,7.4,0.3,4.9,1.1,2020,3,CHO,NA,5,13.6,2.7199999999999998
Bam Adebayo,MIA,37096620,C,27,18.1,4.3,0.7,9.6,1.3,2017,14,MIA,Kentucky,8,57.6,7.2
De'Aaron Fox,SAS,37096620,PG,27,23.5,6.3,0.4,4.8,1.5,2017,5,SAC,Kentucky,8,33.9,4.2375
Desmond Bane,ORL,36725670,SG,26,19.2,5.3,0.4,6.1000000000000005,1.2,2020,30,BOS,TCU,5,25.5,5.1
Deandre Ayton,POR,35550814,C,26,14.4,1.6,1,10.2,0.8,2018,1,PHO,Arizona,7,37.6,5.371428571428572
Jalen Suggs,ORL,35000000,PG,23,16.2,3.7,0.9,4.1,1.5,2021,5,ORL,Gonzaga,4,5.6,1.4
Rudy Gobert,MIN,35000000,C,32,12,1.8,1.4,10.9,0.8,2013,27,DEN,NA,12,116.1,9.674999999999999
Jaren Jackson Jr.,MEM,35000000,C,25,22.2,2,1.5,5.6000000000000005,1.2,2018,4,MEM,Michigan State,7,28.8,4.114285714285715
Jalen Brunson,NYK,34944001,PG,28,26,7.3,0.1,2.9,0.9,2018,33,DAL,Villanova,7,45.5,6.5
Alperen Şengün,HOU,33944954,C,22,19.1,4.9,0.8,10.3,1.1,2021,16,OKC,NA,4,22.5,5.625
Jalen Green,PHO,33333333,SG,22,21,3.4,0.3,4.5,0.9,2021,2,HOU,NA,4,10.7,2.675
Khris Middleton,WAS,33296296,SF,33,11.9,4.1,0.2,3.8,0.9,2012,39,DET,Texas A&M,13,57.9,4.453846153846154
Immanuel Quickley,TOR,32500000,PG,25,17.1,5.8,0.1,3.6,0.7,2020,25,OKC,Kentucky,5,21.3,4.26
Jrue Holiday,POR,32400000,PG,34,11.1,3.9,0.4,4.2,1.1,2009,17,PHI,UCLA,16,74.6,4.6625
Jerami Grant,POR,32000001,PF,30,14.4,2.1,1,3.5,0.9,2014,39,PHI,Syracuse,11,36.6,3.3272727272727276
Jordan Poole,NOP,31848215,SG,25,20.5,4.5,0.4,3,1.3,2019,28,GSW,Michigan,6,11.3,1.8833333333333335
Dejounte Murray,NOP,31557103,PG,28,17.5,7.4,0.4,6.4,2,2016,29,SAS,Washington,8,26.2,3.275
Tyler Herro,MIA,31000000,SG,25,23.9,5.5,0.2,5.2,0.9,2019,13,MIA,Kentucky,6,19.9,3.3166666666666664
Kristaps Porziņģis,ATL,30731707,C,29,19.5,2.1,1.5,6.699999999999999,0.7,2015,4,NYK,NA,9,48,5.333333333333333
CJ McCollum,WAS,30666666,PG,33,21.1,4.1,0.4,3.8,0.8,2013,10,POR,Lehigh,12,52,4.333333333333333
Jalen Johnson,ATL,30000000,SF,23,18.9,5,1,10,1.6,2021,20,ATL,Duke,4,8.4,2.1
Isaiah Hartenstein,OKC,28500000,C,26,11.2,3.8,1.1,10.8,0.8,2017,43,HOU,NA,7,28,4
Andrew Wiggins,MIA,28223215,SF,29,18,2.6,0.8,4.5,1,2014,1,CLE,Kansas,11,33.1,3.0090909090909093
Derrick White,BOS,28100000,SG,30,16.4,4.8,1.1,4.5,0.9,2017,29,SAS,Colorado,8,39.7,4.9625
RJ Barrett,TOR,27705357,SF,24,21.1,5.4,0.3,6.4,0.8,2019,3,NYK,Duke,6,13.3,2.216666666666667
Anfernee Simons,BOS,27678571,SG,25,19.3,4.8,0.1,2.6999999999999997,0.9,2018,24,POR,NA,7,12.8,1.8285714285714287
Devin Vassell,SAS,27000000,SG,24,16.3,2.9,0.5,4,1.3,2020,11,SAS,Florida State,5,11.9,2.38
Terry Rozier,MIA,26643031,PG,30,10.6,2.6,0.2,3.7,0.6,2015,16,BOS,Louisville,10,30.6,3.06
Tobias Harris,DET,26634146,PF,32,13.7,2.2,0.8,5.9,1,2011,19,CHA,Tennessee,14,75.3,5.378571428571428
John Collins,LAC,26580000,PF,27,19,2,1,8.2,1,2017,19,ATL,Wake Forest,8,39.2,4.9
Draymond Green,GSW,25892857,PF,34,9,5.6,1,6.1,1.5,2012,35,GSW,Michigan State,13,64.6,4.9692307692307685
Nic Claxton,BRK,25352272,C,25,10.3,2.2,1.4,7.3,0.9,2019,31,BRK,Georgia,6,26.1,4.3500000000000005
Trey Murphy III,NOP,25000000,SF,24,21.2,3.5,0.7,5.1000000000000005,1.1,2021,17,MEM,Virginia,4,18.4,4.6
Miles Bridges,CHO,25000000,PF,26,20.3,3.9,0.7,7.5,0.7,2018,12,LAC,Michigan State,6,21.3,3.5500000000000003
Mikal Bridges,NYK,24900000,SF,28,17.6,3.7,0.5,3.1999999999999997,0.9,2018,10,PHI,Villanova,7,42,6
Jaden McDaniels,MIN,24858622,PF,24,12.2,2,0.9,5.800000000000001,1.3,2020,28,LAL,Washington,5,17.9,3.5799999999999996
DeMar DeRozan,SAC,24570000,SF,35,22.2,4.4,0.4,3.8000000000000003,0.8,2009,9,TOR,USC,16,108.5,6.78125
De'Andre Hunter,CLE,23303571,SF,27,17,1.4,0.2,4,0.8,2019,4,LAL,Virginia,6,12.1,2.0166666666666666
Aaron Gordon,DEN,22841455,PF,29,14.7,3.2,0.3,4.9,0.5,2014,4,ORL,Arizona,11,46.9,4.263636363636364
Kyle Kuzma,MIL,22410605,PF,29,14.8,2.3,0.3,5.7,0.6,2017,27,BRK,Utah,8,14.4,1.8
Kentavious Caldwell-Pope,MEM,21621500,SG,31,8.7,1.8,0.4,2.2,1.3,2013,8,DET,Georgia,12,48.5,4.041666666666667
Marcus Smart,WAS,21586855,PG,30,9,3.2,0.3,2.1,1.1,2014,6,BOS,Oklahoma State,11,34.2,3.1090909090909093
Nikola Vučević,CHI,21481481,C,34,18.5,3.5,0.7,10,0.8,2011,16,PHI,USC,14,79.9,5.707142857142857
Dillon Brooks,PHO,21124110,SF,29,14,1.7,0.2,3.7,0.8,2017,45,HOU,Oregon,8,14.7,1.8375
Cameron Johnson,DEN,20543478,PF,28,18.8,3.4,0.4,4.3,0.9,2019,11,MIN,UNC,6,22.9,3.8166666666666664
Norman Powell,MIA,20482758,SG,31,21.8,2.1,0.2,3.1999999999999997,1.2,2015,46,MIL,UCLA,10,32.4,3.2399999999999998
Jarrett Allen,CLE,20000000,C,26,13.5,1.9,0.9,9.7,0.9,2017,22,BRK,Texas,8,66.7,8.3375
Jakob Poeltl,TOR,19500000,C,29,14.5,2.8,1.2,9.6,1.2,2016,9,TOR,Utah,9,44.2,4.911111111111111
Josh Hart,NYK,19472240,SG,29,13.6,5.9,0.4,9.6,1.5,2017,30,UTA,Villanova,8,36.7,4.5875
Jusuf Nurkić,UTA,19375000,C,30,8.9,2.3,0.7,7.8,0.8,2014,16,CHI,NA,11,33.2,3.0181818181818185
Collin Sexton,CHO,19175000,SG,26,18.4,4.2,0.1,2.8,0.7,2018,8,CLE,Alabama,7,15.8,2.257142857142857
Harrison Barnes,SAS,19000000,PF,32,12.3,1.7,0.2,3.8,0.5,2012,7,GSW,UNC,13,61.6,4.7384615384615385
Malik Monk,SAC,18797619,SG,26,17.2,5.6,0.6,3.8,0.9,2017,11,CHO,Kentucky,8,15.2,1.9
Rui Hachimura,LAL,18259259,PF,26,13.1,1.4,0.4,5,0.8,2019,9,WAS,Gonzaga,6,15.6,2.6
Alex Caruso,OKC,18102000,SG,30,7.1,2.5,0.6,2.9000000000000004,1.6,NA,NA,NA,NA,NA,NA,NA
Ivica Zubac,LAC,18102000,C,27,16.8,2.7,1.1,12.7,0.7,2016,32,LAL,NA,9,51.3,5.699999999999999
Andrew Nembhard,IND,18102000,SG,25,10,5,0.2,3.3,1.2,2022,31,IND,Gonzaga,3,6.1,2.033333333333333
Zach Collins,CHI,18080496,PF,27,6.4,1.7,0.5,4.5,0.5,2017,10,SAC,Gonzaga,7,11.9,1.7
Patrick Williams,CHI,18000000,PF,23,9,2,0.5,3.8,0.8,2020,4,CHI,Florida State,5,8.4,1.6800000000000002
Kevin Huerter,CHI,17991071,SG,26,9.9,2.3,0.3,2.9,1,2018,19,ATL,Maryland,7,19.1,2.7285714285714286
Luguentz Dort,OKC,17722222,SF,25,10.1,1.6,0.5,4.2,1.1,NA,NA,NA,NA,NA,NA,NA
Keldon Johnson,SAS,17500000,SF,25,12.7,1.6,0.3,4.9,0.6,2019,29,SAS,Kentucky,6,16.7,2.783333333333333
Grayson Allen,PHO,16875000,SG,29,10.6,2.1,0.3,3,0.8,2018,21,UTA,Duke,7,22.6,3.2285714285714286
Klay Thompson,DAL,16666667,SF,34,14,2,0.4,3.4,0.7,2011,11,GSW,Washington State,12,57.1,4.758333333333334
Bogdan Bogdanović,LAC,16020000,SG,32,10.8,2.7,0.2,2.9,0.8,2014,27,PHO,NA,8,24.8,3.1
Max Strus,CLE,15936452,SF,28,9.4,3.2,0.2,4.4,0.5,NA,NA,NA,NA,NA,NA,NA
Terance Mann,BRK,15500000,SG,28,7.7,1.8,0.2,3,0.7,2019,48,LAC,Florida State,6,21.5,3.5833333333333335
Paolo Banchero,ORL,15334769,PF,22,25.9,4.8,0.6,7.5,0.8,2022,1,ORL,Duke,3,11.1,3.6999999999999997
Onyeka Okongwu,ATL,15000000,C,24,13.4,2.3,0.9,8.9,0.9,2020,6,ATL,USC,5,24.9,4.9799999999999995
Jonathan Isaac,ORL,15000000,PF,27,5.4,0.6,1.1,4.4,0.9,2017,6,ORL,Florida State,6,14,2.3333333333333335
Isaiah Stewart,DET,15000000,C,23,6,1.7,1.4,5.5,0.4,2020,16,POR,Washington,5,15.4,3.08
Daniel Gafford,DAL,14386320,C,26,12.3,1.4,1.8,6.8,0.4,2019,38,CHI,Arkansas,6,31.1,5.183333333333334
Deni Avdija,POR,14375000,SF,24,16.9,3.9,0.5,7.2,1,2020,9,WAS,NA,5,14.7,2.94
Jordan Clarkson,UTA,14285714,SG,32,16.2,3.7,0.2,3.2,0.8,2014,46,WAS,Missouri,11,24,2.1818181818181817
P.J. Washington,DAL,14152174,PF,26,14.7,2.3,1.1,7.699999999999999,1.1,2019,12,CHO,Kentucky,6,14.8,2.466666666666667
Obi Toppin,IND,14000000,PF,26,10.5,1.6,0.4,4,0.6,2020,8,NYK,Dayton,5,16.6,3.3200000000000003
Corey Kispert,WAS,13975000,SF,25,11.6,1.7,0.2,3,0.4,2021,15,WAS,Gonzaga,4,9.3,2.325
Herbert Jones,NOP,13937574,SF,26,10.3,3.3,0.5,3.9,1.9,2021,35,NOP,Alabama,4,15.6,3.9
Austin Reaves,LAL,13937574,SG,26,20.2,5.8,0.3,4.5,1.1,NA,NA,NA,NA,NA,NA,NA
Cooper Flagg,DAL,13825920,NA,NA,NA,NA,NA,NA,NA,NA,NA,NA,NA,NA,NA,NA
Chet Holmgren,OKC,13731368,C,22,15,2,2.2,8,0.7,2022,2,OKC,Gonzaga,2,12.1,6.05
Josh Green,CHO,13666667,SG,24,7.4,1.6,0.2,2.5,1.1,2020,18,DAL,Arizona,5,9.2,1.8399999999999999
Grant Williams,CHO,13645500,PF,26,10.4,2.3,0.8,5.1,1.1,2019,22,BOS,Tennessee,6,15.5,2.5833333333333335
Kelly Olynyk,SAS,13445122,C,33,8.7,2.9,0.4,4.699999999999999,0.8,2013,13,DAL,Gonzaga,12,46.2,3.85
Victor Wembanyama,SAS,13376880,C,21,24.3,3.7,3.8,11,1.1,2023,1,SAS,NA,2,7.5,3.75
Robert Williams,POR,13285713,C,27,5.8,1.1,1.7,6,0.7,2018,27,BOS,Texas A&M,7,23.9,3.414285714285714
Zaccharie Risacher,ATL,13197720,SF,19,12.6,1.2,0.5,3.5,0.7,2024,1,ATL,NA,1,1.8,1.8
Cole Anthony,MEM,13100000,PG,24,9.4,2.9,0.5,3.0999999999999996,0.7,2020,15,ORL,UNC,5,11,2.2
Mitchell Robinson,NYK,12954546,C,26,5.1,0.8,1.1,6,0.9,2018,36,NYK,NA,7,35.2,5.028571428571429
Coby White,CHI,12888889,SG,24,20.4,4.5,0.2,3.6999999999999997,0.9,2019,7,CHI,UNC,6,17.9,2.983333333333333
Brandon Clarke,MEM,12500000,PF,28,8.3,1,0.6,5.1,0.8,2019,21,OKC,Gonzaga,6,24.6,4.1000000000000005
Dylan Harper,SAS,12370320,NA,NA,NA,NA,NA,NA,NA,NA,NA,NA,NA,NA,NA,NA
Isaiah Joe,OKC,12362338,SG,25,10.2,1.6,0.1,2.7,0.6,2020,49,PHI,Arkansas,5,13.5,2.7
Jabari Smith Jr.,HOU,12350392,PF,21,12.2,1.1,0.7,7,0.4,2022,3,HOU,Auburn,3,11.7,3.9
Donte DiVincenzo,MIN,11990000,SG,28,11.7,3.6,0.3,3.7,1.2,2018,17,MIL,Villanova,7,23.9,3.414285714285714
Brandon Miller,CHO,11968800,SF,22,21,3.6,0.7,4.8,1.1,2023,2,CHO,Alabama,2,1.2,0.6
Alex Sarr,WAS,11808240,C,19,13,2.4,1.5,6.5,0.7,2024,2,WAS,NA,1,-0.3,-0.3
Moses Moody,GSW,11574075,SG,22,9.8,1.3,0.4,2.5999999999999996,0.8,2021,14,GSW,Arkansas,4,8.5,2.125
Jarred Vanderbilt,LAL,11571429,PF,25,4.1,1.1,0.3,5.1,1,2018,41,ORL,Kentucky,7,16.8,2.4
Matisse Thybulle,POR,11550000,SG,27,7.5,1.9,0.6,3.4,2.2,2019,20,BOS,Washington,6,14.1,2.35
Gabe Vincent,LAL,11500000,PG,28,6.4,1.4,0.2,1.3,0.7,NA,NA,NA,NA,NA,NA,NA
Keegan Murray,SAC,11144093,PF,24,12.4,1.4,0.9,6.699999999999999,0.8,2022,4,SAC,Iowa,3,13.9,4.633333333333334
VJ Edgecombe,PHI,11108880,NA,NA,NA,NA,NA,NA,NA,NA,NA,NA,NA,NA,NA,NA
Luke Kornet,SAS,11000000,C,29,6,1.6,1,5.300000000000001,0.5,NA,NA,NA,NA,NA,NA,NA
Isaac Okoro,CHI,11000000,SG,24,6.1,1.2,0.3,2.4,0.6,2020,5,CLE,Auburn,5,16,3.2
Aaron Nesmith,IND,11000000,SF,25,12,1.2,0.4,3.9000000000000004,0.8,2020,14,BOS,Vanderbilt,5,10.5,2.1
Maxi Kleber,LAL,11000000,PF,33,3,1.3,0.5,2.8,0.3,NA,NA,NA,NA,NA,NA,NA
Wendell Carter Jr.,ORL,10850000,C,25,9.1,2,0.6,7.2,0.8,2018,7,CHI,Duke,7,27.1,3.8714285714285714
Mike Conley,MIN,10774038,PG,37,8.2,4.5,0.2,2.6,1.1,2007,4,MEM,Ohio State,18,105.7,5.872222222222223
Scoot Henderson,POR,10748040,PG,20,12.7,5.1,0.2,3,1,2023,3,POR,NA,2,0.1,0.05
Reed Sheppard,HOU,10603560,PG,20,4.4,1.4,0.3,1.5,0.7,2024,3,HOU,Kentucky,1,0.8,0.8
Jonas Valančiūnas,DEN,10395000,C,32,10.4,2,0.6,7.7,0.5,2011,5,TOR,NA,13,84.6,6.507692307692308
T.J. McConnell,IND,10200000,PG,32,9.1,4.4,0.3,2.5,1.1,NA,NA,NA,NA,NA,NA,NA
Royce O'Neale,PHO,10125000,SF,31,9.1,2.2,0.5,4.6,0.9,NA,NA,NA,NA,NA,NA,NA
Jaden Ivey,DET,10107163,SG,22,17.6,4,0.4,4.1,0.9,2022,5,DET,Purdue,3,1.6,0.5333333333333333
Sam Hauser,BOS,10044644,PF,27,8.5,0.9,0.2,3.1,0.6,NA,NA,NA,NA,NA,NA,NA
Kon Knueppel,CHO,10015680,NA,NA,NA,NA,NA,NA,NA,NA,NA,NA,NA,NA,NA,NA
Derrick Jones Jr.,LAC,10000000,SF,27,10.1,0.8,0.4,3.4000000000000004,1,NA,NA,NA,NA,NA,NA,NA
Lonzo Ball,CLE,10000000,PG,27,7.6,3.3,0.5,3.4000000000000004,1.3,2017,2,LAL,UCLA,6,12.6,2.1
Duncan Robinson,MIA,9888000,SF,30,11,2.4,0.1,2.2,0.5,NA,NA,NA,NA,NA,NA,NA
Amen Thompson,HOU,9690600,SF,22,14.1,3.8,1.3,8.2,1.4,2023,4,HOU,NA,2,12.3,6.15
Aaron Wiggins,OKC,9672897,SG,26,12,1.8,0.2,3.9,0.8,2021,55,OKC,Maryland,4,12.9,3.225
Caleb Martin,DAL,9594044,SF,29,7.9,2.1,0.5,4,1,NA,NA,NA,NA,NA,NA,NA
Stephon Castle,SAS,9560520,PG,20,14.7,4.1,0.3,3.7,0.9,2024,4,SAS,UConn,1,1.1,1.1
Pat Connaughton,CHO,9423869,SG,32,5.3,1.7,0.3,2.7,0.2,2015,41,BRK,Notre Dame,10,24.6,2.46
Buddy Hield,GSW,9219512,SG,32,11.1,1.6,0.3,3.2,0.8,2016,6,NOP,Oklahoma,9,27.7,3.0777777777777775
Kyle Anderson,UTA,9219512,PF,31,5.9,2.4,0.5,3.4,0.7,2014,30,SAS,UCLA,11,39.4,3.5818181818181816
Bennedict Mathurin,IND,9187573,SF,22,16.1,1.9,0.3,5.3,0.7,2022,6,IND,Arizona,3,6.2,2.066666666666667
Ace Bailey,UTA,9069840,NA,NA,NA,NA,NA,NA,NA,NA,NA,NA,NA,NA,NA,NA
Naji Marshall,DAL,9000000,SF,27,13.2,3,0.2,4.800000000000001,1,NA,NA,NA,NA,NA,NA,NA
Jalen Smith,CHI,9000000,C,24,8.2,1,0.7,5.6,0.3,2020,10,PHO,Maryland,5,12,2.4
Ausar Thompson,DET,8775000,SF,22,10.1,2.3,0.7,5.199999999999999,1.7,2023,5,DET,NA,2,5.6,2.8
Ron Holland,DET,8657280,SF,19,6.4,1,0.2,2.7,0.6,2024,5,DET,NA,1,1.8,1.8
Shaedon Sharpe,POR,8399983,SG,21,18.5,2.8,0.2,4.5,0.9,2022,7,POR,Kentucky,3,4.7,1.5666666666666667
Kelly Oubre Jr.,PHI,8382150,SF,29,15.1,1.8,0.5,6.1,1.5,2015,15,ATL,Kansas,10,24.8,2.48
Goga Bitadze,ORL,8333333,C,25,7.2,2,1.4,6.6,0.7,2019,18,IND,NA,6,14.9,2.4833333333333334
Simone Fontecchio,MIA,8307692,SF,29,5.9,0.9,0.2,2.9000000000000004,0.4,NA,NA,NA,NA,NA,NA,NA
Georges Niang,UTA,8200000,PF,31,9.9,1.4,0.2,3.4,0.4,2016,50,IND,Iowa State,9,15.9,1.7666666666666666
Zeke Nnaji,DEN,8177778,PF,24,3.2,0.4,0.7,1.6,0.4,2020,22,DEN,Arizona,5,6.7,1.34
Vasilije Micić,MIL,8109150,PG,31,6.6,3.1,0,2.2,0.4,2014,52,PHI,NA,2,-0.6,-0.3
KJ Martin,UTA,8025000,PF,24,6.4,1.1,0.5,2.9000000000000004,0.4,2020,52,SAC,NA,5,12.4,2.48
Jock Landale,HOU,8000000,C,29,4.8,0.9,0.2,3.2,0.3,NA,NA,NA,NA,NA,NA,NA
Anthony Black,ORL,7970280,PG,21,9.4,3.1,0.6,3,1.1,2023,6,ORL,Arkansas,2,4,2
Tidjane Salaün,CHO,7863240,PF,19,5.9,1.2,0.2,4.7,0.5,2024,6,CHO,NA,1,0,0
Max Christie,DAL,7714286,SG,21,9.6,1.9,0.4,3.3,0.8,2022,35,LAL,Michigan State,3,4,1.3333333333333333
Dyson Daniels,ATL,7707709,SG,21,14.1,4.4,0.7,5.9,3,2022,8,NOP,NA,3,9.2,3.0666666666666664
Jeremiah Fears,NOP,7520040,NA,NA,NA,NA,NA,NA,NA,NA,NA,NA,NA,NA,NA,NA
Ayo Dosunmu,CHI,7518518,SG,25,12.3,4.5,0.4,3.5,0.9,2021,38,CHI,Illinois,4,12.6,3.15
Bilal Coulibaly,WAS,7275600,SF,20,12.3,3.4,0.7,4.9,1.3,2023,7,IND,NA,2,0.8,0.4
Payton Pritchard,BOS,7232143,PG,27,14.3,3.5,0.2,3.9000000000000004,0.9,2020,26,BOS,Oregon,5,20.9,4.18
Donovan Clingan,POR,7178400,C,20,6.5,1.1,1.6,7.8,0.5,2024,7,POR,UConn,1,4,4
Kenrich Williams,OKC,7163000,PF,30,6.3,1.4,0.1,3.5,0.6,NA,NA,NA,NA,NA,NA,NA
Jeremy Sochan,SAS,7096231,PF,21,11.4,2.4,0.5,6.6,0.8,2022,9,SAS,Baylor,3,4.2,1.4000000000000001
Egor Demin,BRK,6889200,NA,NA,NA,NA,NA,NA,NA,NA,NA,NA,NA,NA,NA,NA
Jevon Carter,CHI,6809524,PG,29,4.3,1.1,0.1,1.1,0.4,2018,32,MEM,West Virginia,7,8.5,1.2142857142857142
Ousmane Dieng,OKC,6670882,C,21,3.8,0.8,0.2,2.2,0.5,2022,11,NYK,NA,3,1.7,0.5666666666666667
Jarace Walker,IND,6665520,PF,21,6.1,1.5,0.3,3,0.7,2023,8,WAS,Houston,2,2,1
Dean Wade,CLE,6623456,PF,28,5.4,1.3,0.3,4.3,0.7,NA,NA,NA,NA,NA,NA,NA
Jalen Williams,OKC,6580997,SG,23,21.6,5.1,0.7,5.4,1.6,2022,12,OKC,Santa Clara,3,20.7,6.8999999999999995
Rob Dillingham,MIN,6576120,PG,20,4.5,2,0,1,0.4,2024,8,SAS,Kentucky,1,0.1,0.1
Jalen Duren,DET,6483144,C,21,11.8,2.7,1.1,10.4,0.7,2022,13,CHO,Memphis,3,18.6,6.2
Ochai Agbaji,TOR,6383525,SG,24,10.4,1.5,0.5,3.8,0.9,2022,14,CLE,Kansas,3,4.5,1.5
Collin Murray-Boyles,TOR,6332520,NA,NA,NA,NA,NA,NA,NA,NA,NA,NA,NA,NA,NA,NA
Mark Williams,PHO,6276531,C,23,15.3,2.5,1.2,10.2,0.7,2022,15,CHO,Duke,3,9.7,3.233333333333333
John Konchar,MEM,6165000,SG,28,2.4,0.9,0.3,3.3,0.7,NA,NA,NA,NA,NA,NA,NA
Taylor Hendricks,UTA,6127080,PF,21,4.7,0.7,1.3,5,1.7,2023,9,UTA,Central Florida,2,1.2,0.6
Saddiq Bey,NOP,6118644,NA,NA,NA,NA,NA,NA,NA,2020,19,BRK,Villanova,4,14.6,3.65
Zach Edey,MEM,6045000,C,22,9.2,1,1.3,8.3,0.5,2024,9,MEM,Purdue,1,4.9,4.9
Khaman Maluach,PHO,6016080,NA,NA,NA,NA,NA,NA,NA,NA,NA,NA,NA,NA,NA,NA
Jaden Hardy,DAL,6000000,SG,22,8.7,1.4,0.1,1.5999999999999999,0.5,2022,37,SAC,NA,3,0.7,0.2333333333333333
Cason Wallace,OKC,5820240,SG,21,8.4,2.5,0.5,3.3,1.8,2023,10,DAL,Kentucky,2,9.2,4.6
Cody Williams,UTA,5742480,SG,20,4.6,1.2,0.3,2.2,0.5,2024,10,UTA,Colorado,1,-1.2,-1.2
Cedric Coward,MEM,5715120,NA,NA,NA,NA,NA,NA,NA,NA,NA,NA,NA,NA,NA,NA
Tari Eason,HOU,5675766,PF,23,12,1.5,0.9,6.3,1.7,2022,17,HOU,LSU,3,8.8,2.9333333333333336
Haywood Highsmith,BRK,5616000,SF,28,6.5,1.5,0.5,3.4,0.9,NA,NA,NA,NA,NA,NA,NA
Jett Howard,ORL,5529720,SF,21,4.5,0.7,0.2,1.1,0.2,2023,11,ORL,Michigan,2,0.2,0.1
Matas Buzelis,CHI,5455560,SF,20,8.6,1,0.9,3.5,0.4,2024,11,CHI,NA,1,1.9,1.9
Noa Essengue,CHI,5429520,NA,NA,NA,NA,NA,NA,NA,NA,NA,NA,NA,NA,NA,NA
Dario Šarić,SAC,5426400,C,30,3.5,1.4,0.1,3.1999999999999997,0.4,2014,12,ORL,NA,8,20.9,2.6125
Kris Dunn,LAC,5426400,PG,30,6.4,2.8,0.4,3.4000000000000004,1.7,2016,5,MIN,Providence,9,11.8,1.3111111111111111
Dalen Terry,CHI,5399118,SG,22,4.5,1.3,0.2,1.7,0.6,2022,18,CHI,Arizona,3,2.4,0.7999999999999999
Dereck Lively II,DAL,5253360,C,20,8.7,2.4,1.6,7.5,0.6,2023,12,OKC,Duke,2,8.4,4.2
Nikola Topić,OKC,5182920,NA,NA,NA,NA,NA,NA,NA,2024,12,OKC,NA,NA,NA,NA
Derik Queen,NOP,5157960,NA,NA,NA,NA,NA,NA,NA,NA,NA,NA,NA,NA,NA,NA
Andre Drummond,PHI,5000000,C,31,7.3,0.9,0.5,7.7,1,2012,9,DET,UConn,13,76.6,5.892307692307692
Moritz Wagner,ORL,5000000,C,27,12.9,1.4,0.4,4.9,0.8,2018,25,LAL,Michigan,7,16.9,2.414285714285714
Nick Richards,PHO,5000000,C,27,9.3,0.9,1,8.2,0.2,2020,42,NOP,Kentucky,5,13.3,2.66
Gradey Dick,TOR,4990560,SG,21,14.4,1.8,0.2,3.5999999999999996,0.9,2023,13,TOR,Kansas,2,1.6,0.8
Malaki Branham,WAS,4962033,SG,21,5,0.8,0,1,0.2,2022,20,SAS,Ohio State,3,-0.3,-0.09999999999999999
Devin Carter,SAC,4923720,PG,22,3.8,1.1,0.1,2.1,0.6,2024,13,SAC,Providence,1,0.4,0.4
Christian Braun,DEN,4921797,SG,23,15.4,2.6,0.5,5.1,1.1,2022,21,DEN,Kansas,3,13.4,4.466666666666667
Carter Bryant,SAS,4900320,NA,NA,NA,NA,NA,NA,NA,NA,NA,NA,NA,NA,NA,NA
Walker Kessler,UTA,4878938,C,23,11.1,1.7,2.4,12.2,0.6,2022,22,MEM,Auburn,3,16.6,5.533333333333334
Jordan Hawkins,NOP,4741320,SG,22,10.8,1.2,0.4,2.8,0.5,2023,14,NOP,UConn,2,0.7,0.35
Blake Wesley,WAS,4726328,SG,21,3.7,2,0.1,1.1,0.6,2022,25,SAS,Notre Dame,3,-0.5,-0.16666666666666666
Bub Carrington,WAS,4677600,PG,19,9.8,4.4,0.3,4.2,0.7,2024,14,POR,Pitt,1,0.2,0.2
Thomas Sorber,OKC,4655040,NA,NA,NA,NA,NA,NA,NA,NA,NA,NA,NA,NA,NA,NA
Kobe Bufkin,ATL,4503720,SG,21,5.3,1.7,0.2,2.1,0.3,2023,15,ATL,Michigan,2,-0.1,-0.05
Jose Alvarado,NOP,4500000,PG,26,10.3,4.6,0.3,2.4,1.3,NA,NA,NA,NA,NA,NA,NA
Nikola Jović,MIA,4445417,PF,21,10.7,2.8,0.3,3.9,0.8,2022,27,MIA,NA,3,4.7,1.5666666666666667
Kel'el Ware,MIA,4443360,C,20,9.3,0.9,1.1,7.3999999999999995,0.6,2024,15,MIA,Indiana,1,4.1,4.1
Yang Hansen,POR,4422360,NA,NA,NA,NA,NA,NA,NA,NA,NA,NA,NA,NA,NA,NA
Peyton Watson,DEN,4356476,SF,22,8.1,1.4,1.4,3.4000000000000004,0.7,2022,30,OKC,UCLA,3,5.3,1.7666666666666666
Miles McBride,NYK,4333333,PG,24,9.5,2.9,0.3,2.5,1,2021,36,OKC,West Virginia,4,7.9,1.975
Keyonte George,UTA,4278960,PG,21,16.8,5.6,0.1,3.8,0.7,2023,16,UTA,Baylor,2,0.7,0.35
Jared McCain,PHI,4221360,SG,20,15.3,2.6,0,2.5,0.7,2024,16,PHI,Duke,1,0.7,0.7
Joan Beringer,MIN,4201080,NA,NA,NA,NA,NA,NA,NA,NA,NA,NA,NA,NA,NA,NA
Kevin Love,UTA,4150000,PF,36,5.3,1,0.2,4.1,0.7,2008,5,MEM,UCLA,17,94.9,5.582352941176471
Dalton Knecht,LAL,4010160,SF,23,9.1,0.8,0.1,2.8,0.3,2024,17,LAL,Tennessee,1,2.7,2.7
Dwight Powell,DAL,4000000,C,33,2.1,1,0.4,2.2,0.3,2014,45,CHO,Stanford,11,47.9,4.3545454545454545
Walter Clayton,UTA,3991320,NA,NA,NA,NA,NA,NA,NA,NA,NA,NA,NA,NA,NA,NA
Jaime Jaquez Jr.,MIA,3861600,SF,23,8.6,2.5,0.2,4.4,0.9,2023,18,MIA,UCLA,2,6.3,3.15
Nolan Traoré,BRK,3811560,NA,NA,NA,NA,NA,NA,NA,NA,NA,NA,NA,NA,NA,NA
Tristan Da Silva,ORL,3809520,SF,23,7.2,1.5,0.2,3.3,0.4,2024,18,ORL,Colorado,1,2.5,2.5
Brandin Podziemski,GSW,3687960,SG,21,11.7,3.4,0.2,5.1,1.1,2023,19,GSW,Santa Clara,2,8.3,4.15
Svi Mykhailiuk,UTA,3675000,SF,27,8.8,2,0.2,2.4,0.5,2018,47,LAL,Kansas,7,4.1,0.5857142857142856
Kasparas Jakucionis,MIA,3658800,NA,NA,NA,NA,NA,NA,NA,NA,NA,NA,NA,NA,NA,NA
Ja'Kobe Walter,TOR,3638160,SG,20,8.6,1.6,0.2,3,0.8,2024,19,TOR,Baylor,1,1.2,1.2
Cam Whitmore,WAS,3539760,SF,20,9.4,1,0.3,3,0.6,2023,20,HOU,Villanova,2,3.3,1.65
Will Riley,WAS,3512520,NA,NA,NA,NA,NA,NA,NA,NA,NA,NA,NA,NA,NA,NA
Jaylon Tyson,CLE,3492480,SG,22,3.6,0.9,0.1,2.1,0.3,2024,20,CLE,California,1,0.8,0.8
P.J. Tucker,NYK,3468960,SF,39,3,0,0.3,2.6,0.3,2006,35,TOR,Texas,14,43.3,3.0928571428571425
Russell Westbrook,DEN,3468960,PG,36,13.3,6.1,0.5,5,1.4,2008,4,SEA,UCLA,17,112.5,6.617647058823529
Noah Clowney,BRK,3398640,PF,20,9.1,0.9,0.5,3.9,0.5,2023,21,BRK,Alabama,2,1.3,0.65
Drake Powell,BRK,3372240,NA,NA,NA,NA,NA,NA,NA,NA,NA,NA,NA,NA,NA,NA
Yves Missi,NOP,3353040,C,20,9.1,1.4,1.3,8.2,0.5,2024,21,NOP,Baylor,1,3.6,3.6
Dariq Whitehead,BRK,3262560,SF,20,5.7,0.6,0.1,1.5,0.3,2023,22,BRK,Duke,2,0,0
Asa Newell,ATL,3237480,NA,NA,NA,NA,NA,NA,NA,NA,NA,NA,NA,NA,NA,NA
DaRon Holmes,DEN,3218760,NA,NA,NA,NA,NA,NA,NA,2024,22,PHO,Dayton,NA,NA,NA
Elfrid Payton,NOP,3153598,PG,30,3.5,6.9,0.5,3.3000000000000003,1,2014,10,PHI,Louisiana,9,15.1,1.6777777777777778
Kris Murray,POR,3132000,SF,24,4.2,1,0.2,2.6,0.5,2023,23,POR,Iowa,2,1.4,0.7
Nique Clifford,SAC,3108120,NA,NA,NA,NA,NA,NA,NA,NA,NA,NA,NA,NA,NA,NA
Nassir Little,PHO,3107143,NA,NA,NA,NA,NA,NA,NA,2019,25,POR,UNC,5,4.7,0.9400000000000001
AJ Johnson,WAS,3090480,SG,20,7.6,2.6,0.1,2.1,0.4,2024,23,MIL,NA,1,-0.4,-0.4
Olivier-Maxence Prosper,DAL,3007080,PF,22,3.9,0.8,0.1,2.4000000000000004,0.5,2023,24,SAC,Marquette,2,1.4,0.7
Shake Milton,LAL,3000000,SG,28,5.5,1.8,0.1,1.8,0.4,2018,54,DAL,SMU,7,11.7,1.6714285714285713
Kyle Filipowski,UTA,3000000,C,21,9.6,1.9,0.3,6.199999999999999,0.7,2024,32,UTA,Duke,1,2.5,2.5
Julian Champagnie,SAS,3000000,SF,23,9.9,1.4,0.4,3.9000000000000004,0.7,NA,NA,NA,NA,NA,NA,NA
Jase Richardson,ORL,2983320,NA,NA,NA,NA,NA,NA,NA,NA,NA,NA,NA,NA,NA,NA
Kyshawn George,WAS,2966760,SG,21,8.7,2.5,0.7,4.2,1,2024,24,NYK,Miami (FL),1,0.1,0.1
Tony Bradley,IND,2940876,C,27,4.4,0.4,0.6,3,0.1,2017,28,LAL,UNC,7,8,1.1428571428571428
Lonnie Walker IV,PHI,2940876,SG,26,12.4,2.5,0.3,3.1999999999999997,0.5,2018,18,SAS,Miami (FL),7,4.9,0.7000000000000001
Marcus Sasser,DET,2886720,PG,24,6.6,2.3,0.1,1.2,0.6,2023,25,MEM,Houston,2,2.8,1.4
Ben Saraf,BRK,2884560,NA,NA,NA,NA,NA,NA,NA,NA,NA,NA,NA,NA,NA,NA
Pacome Dadiet,NYK,2847600,SG,19,1.7,0.3,0.1,1,0.2,2024,25,NYK,NA,1,0,0
Danny Wolf,BRK,2801280,NA,NA,NA,NA,NA,NA,NA,NA,NA,NA,NA,NA,NA,NA
Ben Sheppard,IND,2790720,SG,23,5.3,1.3,0.2,2.8,0.6,2023,26,IND,Belmont,2,2.9,1.45
Hugo González,BOS,2783880,NA,NA,NA,NA,NA,NA,NA,NA,NA,NA,NA,NA,NA,NA
Liam McNeeley,CHO,2763960,NA,NA,NA,NA,NA,NA,NA,NA,NA,NA,NA,NA,NA,NA
Dillon Jones,OKC,2753280,SF,23,2.5,1.1,0.1,2.3,0.3,2024,26,WAS,Weber State,1,0.8,0.8
Yanic Konan Niederhauser,LAC,2743800,NA,NA,NA,NA,NA,NA,NA,NA,NA,NA,NA,NA,NA,NA
DaQuan Jeffries,CHO,2743776,SG,27,6.7,1.1,0.5,2.9000000000000004,0.6,NA,NA,NA,NA,NA,NA,NA
Nick Smith Jr.,CHO,2710680,SG,20,9.9,2.4,0.1,2.1,0.3,2023,27,CHO,Arkansas,2,-1.1,-0.55
Brice Sensabaugh,UTA,2693760,SF,21,10.9,1.5,0.1,3,0.6,2023,28,UTA,Ohio State,2,0.9,0.45
Julian Strawther,DEN,2674200,SG,22,9,1.3,0.2,2.1999999999999997,0.6,2023,29,IND,Gonzaga,2,1.4,0.7
Terrence Shannon Jr.,MIN,2674080,SG,24,4.3,1,0.2,1.5,0.2,2024,27,MIN,Illinois,1,0.6,0.6
James Wiseman,IND,2667947,C,23,6,0,0,1,0,2020,2,GSW,Memphis,4,4.3,1.075
Ryan Dunn,PHO,2657760,SF,22,6.9,0.8,0.5,3.5999999999999996,0.6,2024,28,DEN,Virginia,1,1,1
Kobe Brown,LAC,2654880,PF,25,1.9,0.6,0.1,1.7,0.2,2023,30,LAC,Missouri,2,0.9,0.45
Isaiah Collier,UTA,2638200,PG,20,8.7,6.3,0.2,3.4,0.9,2024,29,UTA,USC,1,-0.8,-0.8
Baylor Scheierman,BOS,2619000,SG,24,3.6,1.1,0.1,2.1,0.5,2024,30,BOS,Creighton,1,0.7,0.7
Xavier Tillman Sr.,BOS,2546675,C,26,1,0.2,0.2,1.3,0.3,2020,35,SAC,Michigan State,5,10,2
Chuma Okeke,CLE,2546675,PF,26,5.9,1.7,0.4,5.199999999999999,0.6,2019,16,ORL,Auburn,5,5,1
Justin Champagnie,WAS,2349578,SF,23,8.8,1,0.6,5.7,1,NA,NA,NA,NA,NA,NA,NA
Jordan Goodwin,PHO,2349578,PG,26,5.6,1.4,0.4,3.9000000000000004,1,NA,NA,NA,NA,NA,NA,NA
Jay Huff,IND,2349578,C,26,6.9,0.6,0.9,2,0.3,NA,NA,NA,NA,NA,NA,NA
Keon Johnson,BRK,2349578,SG,22,10.6,2.2,0.4,3.8,1,2021,21,NYK,Tennessee,4,-0.3,-0.075
Brandon Boston Jr.,NOP,2349578,SG,23,10.7,2.2,0.2,3.2,1.3,2021,51,MEM,Kentucky,4,1,0.25
Neemias Queta,BOS,2349578,C,25,5,0.7,0.7,3.8,0.3,2021,39,SAC,Utah State University,4,5.2,1.3
Vit Krejci,ATL,2349578,PG,24,7.2,2.6,0.5,2.8,0.6,2020,37,WAS,NA,4,4,1
Keon Ellis,SAC,2301587,SG,25,8.3,1.5,0.8,2.7,1.5,NA,NA,NA,NA,NA,NA,NA
Vince Williams Jr.,MEM,2301587,SG,24,6.6,2,0.3,3.5999999999999996,0.4,2022,47,MEM,VCU,3,3.1,1.0333333333333334
A.J. Green,MIL,2301587,SG,25,7.4,1.5,0.1,2.3000000000000003,0.5,NA,NA,NA,NA,NA,NA,NA
Scotty Pippen Jr.,MEM,2270735,PG,24,9.9,4.4,0.4,3.3,1.3,NA,NA,NA,NA,NA,NA,NA
JD Davison,BOS,2270735,PG,22,2.1,0.8,0.1,0.7999999999999999,0.3,2022,53,BOS,Alabama,3,0.1,0.03333333333333333
A.J. Lawson,TOR,2270735,SG,24,9.1,1.2,0.2,3.3,0.5,NA,NA,NA,NA,NA,NA,NA
Brandon Williams,DAL,2270735,PG,25,8.3,2.3,0.2,1.7999999999999998,0.7,NA,NA,NA,NA,NA,NA,NA
Moussa Diabaté,CHO,2270735,C,23,5.7,0.8,0.6,6.1,0.6,2022,43,LAC,Michigan,3,4,1.3333333333333333
Rayan Rupert,POR,2221677,SG,20,3,0.5,0.1,1.3,0.3,2023,43,POR,NA,2,-0.1,-0.05
Ricky Council IV,PHI,2221677,SF,23,7.3,1.3,0.2,2.9000000000000004,0.4,NA,NA,NA,NA,NA,NA,NA
GG Jackson II,MEM,2221677,PF,20,7.2,1,0.2,3.1,0.4,2023,45,MEM,South Carolina,2,1.3,0.65
Gui Santos,GSW,2221677,PF,22,4.1,1.4,0.2,3.1,0.4,2022,55,GSW,NA,2,2.4,1.2
Jalen Pickett,DEN,2221677,SG,25,4.1,2.2,0.1,1.4000000000000001,0.4,2023,32,IND,Penn State,2,1.2,0.6
Hunter Tyson,DEN,2221677,PF,24,2.6,0.4,0.1,1.5,0.2,2023,37,OKC,Clemson,2,0.4,0.2
Julian Phillips,CHI,2221677,SF,21,4.6,0.5,0.3,2.1,0.5,2023,35,BOS,Tennessee,2,2.1,1.05
Jalen Wilson,BRK,2221677,PF,24,9.5,1.8,0.1,3.4,0.5,2023,51,BRK,Kansas,2,3,1.5
Jordan Walsh,BOS,2221677,PF,20,1.6,0.4,0.2,1.3,0.2,2023,38,SAC,Arkansas,2,0.5,0.25
Duop Reath,POR,2221677,C,28,4.2,0.6,0.3,2,0.3,NA,NA,NA,NA,NA,NA,NA
Toumani Camara,POR,2221677,PF,24,11.3,2.2,0.6,5.800000000000001,1.5,2023,52,PHO,Dayton,2,7.2,3.6
Leonard Miller,MIN,2221677,SF,21,1.5,0,0.1,0.8,0.2,2023,33,SAS,NA,2,0.4,0.2
Andre Jackson Jr.,MIL,2221677,SG,23,3.4,1.2,0.2,2.7,0.5,2023,36,ORL,UConn,2,2.2,1.1
Trayce Jackson-Davis,GSW,2221677,C,24,6.6,1.7,0.6,5,0.4,2023,57,WAS,Indiana,2,8.2,4.1
Craig Porter Jr.,CLE,2221677,PG,24,3.7,1.4,0.3,1.3,0.3,NA,NA,NA,NA,NA,NA,NA
Mouhamed Gueye,ATL,2221677,PF,22,6,0.8,1,4.2,0.8,2023,39,CHO,Washington State,2,1.4,0.7
JaVale McGee,DAL,2208856,NA,NA,NA,NA,NA,NA,NA,2008,18,WAS,Nevada,16,43.7,2.73125
Tyler Kolek,NYK,2191897,PG,23,2,1.7,0.1,0.7,0.3,2024,34,POR,Marquette,1,0.4,0.4
Jaylen Clark,MIN,2191897,SG,23,4.1,0.7,0.1,1.4,0.9,2023,53,MIN,UCLA,1,1.6,1.6
Tyrese Martin,BRK,2191897,SG,25,8.7,2,0.2,3.7,0.6,2022,51,GSW,UConn,2,0.9,0.45
Tyler Smith,MIL,1955377,PF,20,2.9,0.2,0.2,1.1,0.1,2024,33,MIL,NA,1,0.2,0.2
Johnny Furphy,IND,1955377,SG,20,2.1,0.4,0.2,1.5,0.4,2024,35,SAS,Kansas,1,0.5,0.5
Jonathan Mogbo,TOR,1955377,PF,23,6.2,2.3,0.5,4.9,0.9,2024,31,TOR,San Francisco,1,1.9,1.9
Jamal Shead,TOR,1955377,PG,22,7.1,4.2,0.1,1.5,0.8,2024,45,SAC,Houston,1,0.8,0.8
Isaac Jones,SAC,1955377,PF,24,3.4,0.3,0.3,1.5,0.1,NA,NA,NA,NA,NA,NA,NA
Oso Ighodaro,PHO,1955377,PF,22,4.2,1.2,0.5,3.7,0.5,2024,40,POR,Marquette,1,1.6,1.6
Ariel Hukporti,NYK,1955377,C,22,1.9,0.4,0.6,2.1,0,2024,58,DAL,NA,1,0.1,0.1
Karlo Matković,NOP,1955377,PF,23,7.7,1.1,1,5,0.5,2022,52,NOP,NA,1,1.6,1.6
Keshad Johnson,MIA,1955377,SF,23,2.7,0.3,0.3,1.7999999999999998,0.3,NA,NA,NA,NA,NA,NA,NA
Jaylen Wells,MEM,1955377,SG,21,10.4,1.7,0.1,3.4,0.6,2024,39,MEM,Washington State,1,3.5,3.5
Bronny James,LAL,1955377,SG,20,2.3,0.8,0.1,0.6,0.3,2024,55,LAL,USC,1,-0.2,-0.2
Cam Christie,LAC,1955377,SG,19,1.4,0.5,0.1,0.8999999999999999,0.4,2024,46,LAC,Minnesota,1,0,0
Quinten Post,GSW,1955377,PF,24,8.1,1.3,0.4,3.5,0.4,2024,52,GSW,Boston College,1,1.7,1.7
Bobi Klintman,DET,1955377,SF,21,1.9,0.9,0.1,0.9,0.3,2024,37,MIN,NA,1,0.2,0.2
Drew Timme,BRK,1955377,PF,24,12.1,2.2,0.1,7.199999999999999,0.4,NA,NA,NA,NA,NA,NA,NA
Jamison Battle,TOR,1955377,SF,23,7.1,0.9,0.2,2.7,0.3,NA,NA,NA,NA,NA,NA,NA
Adem Bona,PHI,1955377,C,21,5.8,0.5,1.2,4.2,0.4,2024,41,PHI,UCLA,1,2.3,2.3
Pelle Larsson,MIA,1955377,SG,23,4.6,1.2,0.1,1.7,0.6,2024,44,HOU,Arizona,1,1.4,1.4
E.J. Liddell,PHO,706898,PF,24,1.8,0.3,0.1,0.8,0.1,2022,41,NOP,Ohio State,2,0.1,0.05
Mamadi Diakite,MEM,464050,NA,NA,NA,NA,NA,NA,NA,NA,NA,NA,NA,NA,NA,NA
Ricky Rubio,CLE,424672,NA,NA,NA,NA,NA,NA,NA,2009,5,MIN,NA,12,42.3,3.525
Didi Louzada,POR,268032,NA,NA,NA,NA,NA,NA,NA,2019,35,ATL,NA,2,-0.1,-0.05
